{"trlosshistory": [0.011565939940578772], "vallosshistory": [4.7712068899634255e-16], "valacchistory": [14.875], "last_epoch": 0}