{"trlosshistory": [0.42615079402923584, 0.3668914536635081, 0.2991375623146693, 0.2602382081747055, 0.22825010418891906], "vallosshistory": [0.4893839547508641, 0.38875202756179006, 0.3774156342995794, 0.45144046921479075, 0.47590822608847366], "valacchistory": [0.8290241956710815, 0.8365304470062256, 0.839866578578949, 0.8140116930007935, 0.8323603272438049], "last_epoch": 4}