{"trlosshistory": [0.3580966273943583, 0.3580966273943583, 0.3580966273943583, 0.3580966273943583], "vallosshistory": [0.3361436128616333, 0.3361436128616333, 0.3361436128616333, 0.3361436128616333], "valacchistory": [14.875, 14.875, 14.875, 14.875], "last_epoch": 3}