{"trlosshistory": [0.42615079402923584, 0.3668914536635081, 0.2991375623146693, 0.2602382081747055, 0.22825010418891906, 0.19961747129758198, 0.17149925137559574, 0.1549603026608626, 0.1361143284291029, 0.11538486003875732], "vallosshistory": [0.4893839547508641, 0.38875202756179006, 0.3774156342995794, 0.45144046921479075, 0.47590822608847366, 0.5306938455293053, 0.6157383887391341, 0.554997319453641, 0.5672522077434942, 0.6779003472704637], "valacchistory": [0.8290241956710815, 0.8365304470062256, 0.839866578578949, 0.8140116930007935, 0.8323603272438049, 0.8298582434654236, 0.8190158605575562, 0.8131776452064514, 0.8340283632278442, 0.8115096092224121], "last_epoch": 9}