{"trlosshistory": [0.3133428583542506, 0.10589698731899261, 0.037988435750206315, 0.011607291006172697, 0.004494093499767283, 0.0030248395811455944, 0.0016051083841981987, 0.0013321416995798548, 0.0008171348099131137, 0.0005545840971171856], "vallosshistory": [0.27305233713827637, 0.26910985770978424, 0.2964431919941777, 0.2953861312646615, 0.3500296006861486, 0.3298794564447905, 0.356915179051851, 0.3483646378705376, 0.3621478025850497, 0.3628818047674079], "valacchistory": [0.8957464694976807, 0.9082568883895874, 0.9090909361839294, 0.9065888524055481, 0.9082568883895874, 0.905754804611206, 0.9015846252441406, 0.9099249243736267, 0.905754804611206, 0.9040867686271667], "last_epoch": 9}