{"trlosshistory": [0.35076749324798584, 0.35076749324798584, 0.35076749324798584, 0.3428454299767812, 0.3428454299767812, 0.3428454299767812, 0.3428454299767812, 0.3428454299767812, 0.3428454299767812, 0.3428454299767812], "vallosshistory": [0.3180280327796936, 0.3180280327796936, 0.3180280327796936, 0.3525969684123993, 0.3525969684123993, 0.3525969684123993, 0.3525969684123993, 0.3525969684123993, 0.3525969684123993, 0.3525969684123993], "valacchistory": [11.0, 11.0, 11.0, 11.0, 11.0, 11.0, 11.0, 11.0, 11.0, 11.0], "last_epoch": 9}