{"trlosshistory": [0.581801600754261, 0.3209514208137989, 0.2903393991291523, 0.27725687623023987, 0.27011625841259956], "vallosshistory": [2.8793243169784546, 0.4353386163711548, 0.3359122723340988, 0.3255607783794403, 0.2830037623643875], "valacchistory": [0.5714285969734192, 0.4789915978908539, 0.4789915978908539, 0.4789915978908539, 0.4789915978908539], "last_epoch": 4}