{"trlosshistory": [0.5338727571070194, 0.26185634545981884], "vallosshistory": [3.5789660215377808, 24.00703525543213], "valacchistory": [0.7731092572212219, 0.4957983195781708], "last_epoch": 1}